Stadt,Bundesland,Einwohner,Kaufkraft,Akademikerquote,Lokalzeitungen,Typ,Arbeitslosenquote,Funke,Ippen,Madsack,DuMont,OpenData,SmartCityIndex,Breitband,StartupDichte,BIP_Mio,Kultureinrichtungen,Vereine,Lat,Lng,Score_Medien,Score_Zielgruppe,Score_Digital,Score_Wirtschaft,Score_Identitaet,Score_Praktikabilitaet,Score_Gesamt
Erlangen,Bayern,112385,28765,37.2,1,Universitätsstadt,3.5,False,False,False,False,True,78.4385,87.2477,7.94,646550.905,37.461666666666666,224.77,51.0,10.0,25.0,20.489666666666665,23.27508,23.765,17.0,20.0,86.0
Bad Homburg,Hessen,54227,29456,33.4,0,Stadt,3.866666666666667,False,False,False,False,False,68.8227,86.08454,7.18,319462.1024,18.075666666666667,108.454,51.0,10.0,25.0,19.948533333333334,17.505816,24.456,18.0,20.0,83.0
Starnberg,Bayern,23384,30234,35.2,0,Stadt,3.5,False,True,False,False,False,67.5384,85.46768,7.540000000000001,141398.3712,7.794666666666667,46.768,51.0,10.0,22.0,21.162800000000004,17.403072,25.0,18.0,18.0,81.0
Meerbusch,Nordrhein-Westfalen,56417,28234,30.8,0,Stadt,4.7333333333333325,False,False,False,False,False,66.4417,86.12834,6.66,318575.5156,18.805666666666667,112.834,51.0,10.0,25.0,18.10946666666667,17.315336,23.234,18.0,20.0,81.0
Heidelberg,Baden-Württemberg,161485,25987,42.3,2,Universitätsstadt,3.5,False,False,False,False,True,88.4485,88.2297,8.959999999999999,839302.139,53.82833333333333,322.97,51.0,10.0,22.0,18.922066666666662,24.07588,20.987,17.0,20.0,81.0
Ulm,Baden-Württemberg,126790,25876,33.4,1,Universitätsstadt,3.866666666666667,False,False,False,False,True,76.07900000000001,87.5358,7.18,656163.608,42.263333333333335,253.58,51.0,10.0,25.0,16.845866666666666,23.08632,20.876,17.0,20.0,81.0
Konstanz,Baden-Württemberg,84446,24987,36.8,1,Universitätsstadt,3.5,False,False,False,False,False,75.24459999999999,86.68892,7.859999999999999,422010.4404,28.148666666666667,168.892,51.0,10.0,25.0,17.095399999999998,18.019568,19.987,20.0,20.0,80.0
Unterhaching,Bayern,26071,28123,32.7,0,Stadt,4.1,False,False,False,False,False,65.3071,85.52142,7.040000000000001,146638.9466,8.690333333333333,52.142,51.0,10.0,25.0,18.583266666666667,17.224568,23.123,18.0,18.0,79.0
Darmstadt,Hessen,159878,25678,32.1,2,Universitätsstadt,4.299999999999999,False,False,False,False,True,78.0878,88.19756,6.92,821069.4568,53.29266666666667,319.756,51.0,10.0,22.0,16.284266666666667,23.247024,20.678,17.0,20.0,79.0
Oberursel,Hessen,46248,28345,31.2,0,Stadt,4.6,False,False,False,False,False,65.8248,85.92496,6.74,262179.912,15.416,92.496,51.0,10.0,25.0,18.325666666666667,17.265984,23.345,18.0,18.0,79.0
Tübingen,Baden-Württemberg,91656,23456,45.2,1,Universitätsstadt,3.5,False,False,False,False,False,84.3656,86.83312,9.54,429976.6272,30.552,183.312,51.0,10.0,25.0,16.728533333333335,18.749248,18.456,20.0,20.0,79.0
Baden-Baden,Baden-Württemberg,55449,27654,29.3,1,Stadt,5.2333333333333325,False,False,False,False,False,64.8449,86.10898,6.36,306677.3292,18.483,110.898,51.0,10.0,25.0,17.1568,17.187592,22.654,18.0,20.0,79.0
Vaterstetten,Bayern,24256,27456,31.3,0,Stadt,4.566666666666666,False,False,False,False,False,63.7256,85.48512,6.76,133194.5472,8.085333333333333,48.512,51.0,10.0,25.0,17.5852,17.098048,22.456,18.0,18.0,78.0
Sindelfingen,Baden-Württemberg,64851,26789,27.8,1,Stadt,5.7333333333333325,False,False,False,False,False,64.2851,86.29702,6.0600000000000005,347458.6878,21.617,129.702,51.0,10.0,25.0,15.957133333333331,17.142808,21.789,18.0,20.0,78.0
Hofheim,Hessen,39925,27123,29.7,0,Stadt,5.1,False,False,False,False,False,63.6925,85.7985,6.44,216577.155,13.308333333333334,79.85,51.0,10.0,25.0,16.8166,17.0954,22.123,18.0,18.0,78.0
Bergisch Gladbach,Nordrhein-Westfalen,111366,25789,27.4,0,Stadt,5.866666666666667,False,False,False,False,True,68.53659999999999,87.22732,5.98,574403.5548,37.122,222.732,51.0,10.0,25.0,14.970466666666663,22.482928,20.789,15.0,20.0,78.0
Regensburg,Bayern,153542,25123,31.6,2,Universitätsstadt,4.466666666666667,False,False,False,False,True,76.9542,88.07084,6.82,771487.1332,51.18066666666667,307.084,51.0,10.0,22.0,15.653266666666669,23.156336,20.123,17.0,20.0,78.0
Ahrensburg,Schleswig-Holstein,34488,26789,28.9,0,Stadt,5.366666666666667,False,False,False,False,False,62.3488,85.68976,6.279999999999999,184779.8064,11.496,68.976,51.0,10.0,25.0,16.28713333333333,16.987904,21.789,18.0,18.0,77.0
Ingolstadt,Bayern,137392,27234,28.7,2,Stadt,5.433333333333334,False,True,False,False,True,72.4392,87.74784,6.24,748346.7456,45.79733333333333,274.784,51.0,10.0,19.0,16.6128,22.795136,22.234,15.0,20.0,77.0
Böblingen,Baden-Württemberg,50219,25789,28.9,1,Stadt,5.366666666666667,False,False,False,False,False,63.9219,86.00438,6.279999999999999,259019.5582,16.73966666666667,100.438,51.0,10.0,25.0,15.420466666666664,17.113751999999998,20.789,18.0,20.0,77.0
Neuss,Nordrhein-Westfalen,153896,24567,26.1,1,Stadt,6.299999999999999,False,False,False,False,True,71.4896,88.07792,5.720000000000001,756152.6064,51.29866666666667,307.792,51.0,10.0,25.0,13.521400000000002,22.719168,19.567,15.0,20.0,77.0
Marburg,Hessen,76401,23234,35.6,1,Universitätsstadt,3.5,False,False,False,False,False,73.24010000000001,86.52802,7.62,355020.1668,25.467,152.802,51.0,10.0,25.0,15.216133333333332,17.859208000000002,18.234,20.0,20.0,77.0
Wolfsburg,Niedersachsen,124151,28976,26.2,1,Stadt,6.266666666666668,True,False,True,False,True,68.6151,87.48302,5.74,719479.8752,41.38366666666667,248.302,51.0,10.0,17.0,17.372533333333333,22.489208,23.976,15.0,20.0,77.0
München,Bayern,1488202,31621,38.5,7,Landeshauptstadt,3.5,False,True,False,False,True,95.0,99.0,8.2,9411687.0884,496.06733333333335,2976.404,51.0,10.0,12.0,23.354866666666663,24.6,25.0,17.0,15.0,77.0
Würzburg,Bayern,127880,23876,32.4,2,Universitätsstadt,4.200000000000001,False,False,False,False,True,75.18799999999999,87.5576,6.98,610652.576,42.626666666666665,255.76,51.0,10.0,22.0,14.81253333333333,23.01504,18.876,17.0,20.0,77.0
Oldenburg,Niedersachsen,169077,22987,28.9,1,Universitätsstadt,5.366666666666667,False,False,False,False,True,75.8077,88.38154,6.279999999999999,777314.5998,56.359,338.154,51.0,10.0,25.0,12.992066666666666,23.064616,17.987000000000002,17.0,20.0,77.0
Wiesbaden,Hessen,278474,26543,29.8,2,Landeshauptstadt,5.066666666666666,False,False,False,False,True,87.6474,90.56948,6.46,1478307.0764,92.82466666666669,556.948,51.0,10.0,22.0,16.343933333333332,24.011792,21.543,17.0,15.0,77.0
Stuttgart,Baden-Württemberg,632865,27394,34.1,4,Landeshauptstadt,3.633333333333333,False,False,False,False,True,95.0,97.6573,7.32,3467340.762,210.955,1265.73,51.0,10.0,19.0,18.371466666666667,24.6,22.394,17.0,15.0,77.0
Esslingen,Baden-Württemberg,93542,24987,28.6,1,Stadt,5.466666666666667,False,False,False,False,False,67.9542,86.87084,6.220000000000001,467466.7908,31.180666666666667,187.084,51.0,10.0,25.0,14.6354,17.436336,19.987,18.0,20.0,76.0
Gütersloh,Nordrhein-Westfalen,101112,24234,25.6,1,Stadt,6.466666666666667,False,False,False,False,True,65.71119999999999,87.02224,5.62,490069.6416,33.704,202.224,51.0,10.0,25.0,13.0828,22.256896,19.234,15.0,20.0,76.0
Ludwigsburg,Baden-Württemberg,93469,25234,27.3,1,Stadt,5.9,False,False,False,False,False,66.6469,86.86938,5.96,471719.3492,31.156333333333333,186.938,51.0,10.0,25.0,14.459466666666668,17.331752,20.234,18.0,20.0,76.0
Leverkusen,Nordrhein-Westfalen,163838,24123,24.8,1,Stadt,6.7333333333333325,False,False,False,False,True,71.1838,88.27676,5.46,790452.8148,54.61266666666667,327.676,51.0,10.0,25.0,12.7466,22.694704,19.123,15.0,20.0,76.0
Karlsruhe,Baden-Württemberg,308436,25678,31.2,2,Universitätsstadt,4.6,False,False,False,False,True,92.0436,91.16872,6.74,1584003.9216,102.812,616.872,51.0,10.0,22.0,16.014266666666664,24.363488,20.678,17.0,15.0,76.0
Willich,Nordrhein-Westfalen,50735,25234,26.7,0,Stadt,6.1,False,False,False,False,False,61.7735,86.0147,5.84,256049.398,16.911666666666665,101.47,51.0,10.0,25.0,14.279466666666668,16.94188,20.234,18.0,20.0,76.0
Paderborn,Nordrhein-Westfalen,151633,22345,27.9,1,Universitätsstadt,5.700000000000001,False,False,False,False,True,73.0633,88.03265999999999,6.08,677647.877,50.54433333333333,303.266,51.0,10.0,25.0,12.135666666666667,22.845064,17.345,17.0,20.0,76.0
Bonn,Nordrhein-Westfalen,329673,25432,35.8,2,Stadt,3.5,False,False,False,False,True,95.0,91.59346,7.659999999999999,1676848.7472,109.891,659.346,51.0,10.0,22.0,17.181066666666666,24.6,20.432,15.0,15.0,76.0
Osnabrück,Niedersachsen,165251,22765,27.6,1,Universitätsstadt,5.799999999999999,False,False,False,False,True,74.1251,88.30502,6.0200000000000005,752387.803,55.083666666666666,330.502,51.0,10.0,25.0,12.409666666666666,22.930008,17.765,17.0,20.0,76.0
Freiburg,Baden-Württemberg,230940,24532,38.7,2,Universitätsstadt,3.5,False,False,False,False,True,91.794,89.6188,8.24,1133084.016,76.98,461.88,51.0,10.0,22.0,17.271066666666666,24.34352,19.532,17.0,15.0,76.0
Göttingen,Niedersachsen,116845,23456,34.7,1,Universitätsstadt,3.5,False,False,True,False,True,76.3845,87.3369,7.44,548143.264,38.94833333333333,233.69,51.0,10.0,21.0,15.138533333333337,23.11076,18.456,17.0,20.0,76.0
Potsdam,Brandenburg,183154,23654,39.2,2,Landeshauptstadt,3.5,False,False,True,False,True,87.5154,88.66308,8.34,866464.9432,61.05133333333333,366.308,51.0,10.0,18.0,16.660133333333334,24.001232,18.654,17.0,20.0,76.0
Heilbronn,Baden-Württemberg,126458,24123,25.3,1,Stadt,6.566666666666666,False,False,False,False,True,67.9458,87.52916,5.5600000000000005,610109.2668,42.15266666666667,252.916,51.0,10.0,25.0,12.8966,22.435664,19.123,15.0,20.0,76.0
Freising,Bayern,48582,26789,31.2,1,Stadt,4.6,False,True,False,False,False,66.0582,85.97164,6.74,260292.6396,16.194,97.164,51.0,10.0,22.0,16.977133333333335,17.284656,21.789,18.0,18.0,76.0
Bamberg,Bayern,77373,22987,29.8,1,Universitätsstadt,5.066666666666666,False,False,False,False,False,67.5373,86.54746,6.46,355714.6302,25.791,154.746,51.0,10.0,25.0,13.262066666666666,17.402984,17.987000000000002,20.0,20.0,75.0
Hilden,Nordrhein-Westfalen,55182,24789,26.2,0,Stadt,6.266666666666668,False,False,False,False,False,61.7182,86.10364,5.74,273581.3196,18.394,110.364,51.0,10.0,25.0,13.7438,16.937456,19.789,18.0,20.0,75.0
Pulheim,Nordrhein-Westfalen,54074,24567,25.8,0,Stadt,6.4,False,False,False,False,False,61.20740000000001,86.08148,5.66,265687.1916,18.02466666666667,108.148,51.0,10.0,25.0,13.4314,16.896592000000002,19.567,18.0,20.0,75.0
Lüneburg,Niedersachsen,75353,22678,28.4,1,Universitätsstadt,5.533333333333333,False,False,False,False,False,65.9353,86.50706,6.18,341771.0668,25.11766666666667,150.706,51.0,10.0,25.0,12.574266666666666,17.274824,17.678,20.0,20.0,75.0
Filderstadt,Baden-Württemberg,45998,25678,27.2,1,Stadt,5.933333333333334,False,False,False,False,False,61.799800000000005,85.91996,5.94,236227.3288,15.332666666666666,91.996,51.0,10.0,25.0,14.814266666666668,16.943984,20.678,18.0,18.0,75.0
Neu-Isenburg,Hessen,38204,25678,27.3,0,Stadt,5.9,False,False,False,False,False,61.1204,85.76408,5.96,196200.4624,12.734666666666667,76.408,51.0,10.0,25.0,14.844266666666666,16.889632,20.678,18.0,18.0,75.0
Reutlingen,Baden-Württemberg,116456,23876,24.8,1,Stadt,6.7333333333333325,False,False,False,False,True,66.4456,87.32912,5.46,556100.6912,38.818666666666665,232.912,51.0,10.0,25.0,12.532533333333332,22.315648,18.876,15.0,20.0,75.0
Wedel,Schleswig-Holstein,34060,25678,27.3,0,Stadt,5.9,False,False,False,False,False,60.706,85.6812,5.96,174918.536,11.353333333333332,68.12,51.0,10.0,25.0,14.844266666666666,16.85648,20.678,18.0,18.0,75.0
Frankfurt,Hessen,763380,28142,33.7,4,Stadt,3.7666666666666657,False,True,False,False,True,95.0,99.0,7.24,4296607.992,254.46,1526.76,51.0,10.0,16.0,18.899733333333334,24.6,23.142,15.0,15.0,75.0
Ratingen,Nordrhein-Westfalen,86899,26123,28.3,0,Stadt,5.566666666666666,True,False,False,False,False,66.9899,86.73798,6.16,454012.5154,28.96633333333333,173.798,51.0,10.0,21.0,15.529933333333332,17.359192,21.123,18.0,20.0,75.0
Norderstedt,Schleswig-Holstein,81591,24567,25.8,0,Stadt,6.4,False,False,False,False,False,63.95910000000001,86.63182,5.66,400889.2194,27.197,163.182,51.0,10.0,25.0,13.4314,17.116728000000002,19.567,18.0,20.0,75.0
Trier,Rheinland-Pfalz,110674,21987,29.4,1,Universitätsstadt,5.200000000000001,False,False,False,False,True,70.4674,87.21348,6.38,486677.8476,36.891333333333336,221.348,51.0,10.0,25.0,12.2754,22.637392,16.987,17.0,20.0,75.0
Jena,Thüringen,111343,21234,40.1,1,Universitätsstadt,3.5,True,False,False,False,True,81.23429999999999,87.22686,8.52,472851.4524,37.114333333333335,222.686,51.0,10.0,21.0,14.8028,23.498744,16.234,17.0,20.0,75.0
Unterschleißheim,Bayern,29467,26567,29.1,0,Stadt,5.299999999999999,False,True,False,False,False,62.0467,85.58933999999999,6.32,156569.9578,9.822333333333331,58.934,51.0,10.0,22.0,16.154733333333333,16.963736,21.567,18.0,18.0,75.0
Friedrichshafen,Baden-Württemberg,59812,24123,25.1,1,Stadt,6.633333333333333,False,False,False,False,False,61.0812,86.19624,5.5200000000000005,288568.9752,19.93733333333333,119.624,51.0,10.0,25.0,12.8366,16.886496,19.123,18.0,20.0,74.0
Leonberg,Baden-Württemberg,48743,25234,26.4,1,Stadt,6.200000000000001,False,False,False,False,False,61.2743,85.97486,5.779999999999999,245996.1724,16.247666666666667,97.486,51.0,10.0,25.0,14.189466666666666,16.901944,20.234,18.0,18.0,74.0
Olching,Bayern,27906,25234,26.9,0,Stadt,6.033333333333333,False,False,False,False,False,59.6906,85.55812,5.88,140836.0008,9.302,55.812,51.0,10.0,25.0,14.339466666666668,16.775248,20.234,18.0,18.0,74.0
Frechen,Nordrhein-Westfalen,52564,23876,24.8,0,Stadt,6.7333333333333325,False,False,False,False,False,60.0564,86.05128,5.46,251003.6128,17.521333333333335,105.128,51.0,10.0,25.0,12.532533333333332,16.804512,18.876,18.0,20.0,74.0
Aalen,Baden-Württemberg,68456,23876,24.3,1,Stadt,6.9,False,False,False,False,False,61.1456,86.36912,5.36,326891.0912,22.818666666666665,136.912,51.0,10.0,25.0,12.382533333333337,16.891648,18.876,18.0,20.0,74.0
Sankt Augustin,Nordrhein-Westfalen,55584,24123,25.6,0,Stadt,6.466666666666667,False,False,False,False,False,61.1584,86.11168,5.62,268170.5664,18.528,111.168,51.0,10.0,25.0,12.9866,16.892672,19.123,18.0,20.0,74.0
Troisdorf,Nordrhein-Westfalen,74965,23987,24.8,0,Stadt,6.7333333333333325,False,False,False,False,False,62.2965,86.4993,5.46,359637.091,24.988333333333333,149.93,51.0,10.0,25.0,12.628733333333331,16.983719999999998,18.987,18.0,20.0,74.0
Siegen,Nordrhein-Westfalen,102770,21876,26.2,1,Universitätsstadt,6.266666666666668,False,False,False,False,True,66.477,87.0554,5.74,449639.304,34.25666666666667,205.54,51.0,10.0,25.0,11.2192,22.31816,16.876,17.0,20.0,74.0
Germering,Bayern,40897,26234,28.4,0,Stadt,5.533333333333333,False,True,False,False,False,62.4897,85.81794,6.18,214578.3796,13.632333333333332,81.794,51.0,10.0,22.0,15.656133333333331,16.999176,21.234,18.0,18.0,74.0
Gießen,Hessen,88623,22876,33.8,1,Universitätsstadt,3.7333333333333343,False,True,False,False,False,72.66229999999999,86.77246,7.26,405467.9496,29.541,177.246,51.0,10.0,22.0,14.365866666666667,17.812984,17.876,20.0,20.0,74.0
Düsseldorf,Nordrhein-Westfalen,621877,27621,32.8,4,Landeshauptstadt,4.066666666666668,True,False,False,False,True,95.0,97.43754,7.06,3435372.9234,207.2923333333333,1243.754,51.0,10.0,15.0,18.1782,24.6,22.621,17.0,15.0,74.0
Leinfelden-Echterdingen,Baden-Württemberg,40401,26234,29.7,0,Stadt,5.1,False,True,False,False,False,63.7401,85.80802,6.44,211975.9668,13.467,80.802,51.0,10.0,22.0,16.046133333333334,17.099208,21.234,18.0,18.0,74.0
Koblenz,Rheinland-Pfalz,114024,22876,25.3,1,Stadt,6.566666666666666,False,False,False,False,True,66.7024,87.28048,5.5600000000000005,521682.6048,38.008,228.048,51.0,10.0,25.0,11.815866666666668,22.336192,17.876,15.0,20.0,74.0
Speyer,Rheinland-Pfalz,50741,23456,26.7,1,Stadt,6.1,False,False,False,False,False,61.7741,86.01482,5.84,238036.1792,16.913666666666668,101.482,51.0,10.0,25.0,12.738533333333333,16.941928,18.456,18.0,20.0,74.0
Waiblingen,Baden-Württemberg,55446,24567,24.1,1,Stadt,6.966666666666667,False,False,False,False,False,59.6446,86.10892,5.32,272428.3764,18.482,110.892,51.0,10.0,25.0,12.921400000000002,16.771568,19.567,18.0,20.0,74.0
Passau,Bayern,52803,22345,28.7,1,Universitätsstadt,5.433333333333334,False,False,False,False,False,63.9803,86.05606,6.24,235976.607,17.601,105.606,51.0,10.0,25.0,12.375666666666666,17.118424,17.345,20.0,20.0,74.0
Taunusstein,Hessen,30069,24789,26.2,0,Stadt,6.266666666666668,False,False,False,False,False,59.206900000000005,85.60138,5.74,149076.0882,10.023,60.138,51.0,10.0,25.0,13.7438,16.736552,19.789,18.0,18.0,74.0
Langen,Hessen,37775,24876,25.9,0,Stadt,6.366666666666667,False,False,False,False,False,59.6775,85.7555,5.68,187938.18,12.591666666666669,75.55,51.0,10.0,25.0,13.7292,16.7742,19.876,18.0,18.0,74.0
Rüsselsheim,Hessen,65060,24567,23.8,1,Stadt,7.066666666666666,False,False,False,False,False,60.306,86.3012,5.26,319665.804,21.686666666666667,130.12,51.0,10.0,25.0,12.8314,16.82448,19.567,18.0,20.0,74.0
Mainz,Rheinland-Pfalz,217118,24567,31.8,2,Landeshauptstadt,4.4,False,False,False,False,True,83.5118,89.34236,6.86,1066787.5812,72.37266666666666,434.236,51.0,10.0,22.0,15.2314,23.680944,19.567,17.0,15.0,74.0
Ravensburg,Baden-Württemberg,50674,23987,26.2,1,Stadt,6.266666666666668,False,False,False,False,False,61.2674,86.01348,5.74,243103.4476,16.891333333333332,101.348,51.0,10.0,25.0,13.048733333333336,16.901392,18.987,18.0,20.0,74.0
Ettlingen,Baden-Württemberg,39254,24876,26.1,1,Stadt,6.299999999999999,False,False,False,False,False,60.0254,85.78508,5.720000000000001,195296.5008,13.084666666666667,78.508,51.0,10.0,25.0,13.7892,16.802032,19.876,18.0,18.0,74.0
Bietigheim-Bissingen,Baden-Württemberg,43123,24789,25.7,1,Stadt,6.433333333333334,False,False,False,False,False,60.0123,85.86246,5.64,213795.2094,14.374333333333333,86.246,51.0,10.0,25.0,13.593799999999998,16.800984,19.789,18.0,18.0,74.0
Kaiserslautern,Rheinland-Pfalz,100030,21345,26.8,1,Universitätsstadt,6.066666666666666,False,False,False,False,True,66.803,87.0006,5.86,427028.07,33.343333333333334,200.06,51.0,10.0,25.0,10.939,22.34424,16.345,17.0,20.0,74.0
Dreieich,Hessen,42168,25234,26.8,0,Stadt,6.066666666666666,False,False,False,False,False,61.0168,85.84336,5.86,212813.4624,14.056,84.336,51.0,10.0,25.0,14.309466666666667,16.881344,20.234,18.0,18.0,74.0
Aachen,Nordrhein-Westfalen,248878,23456,31.4,2,Universitätsstadt,4.533333333333333,False,False,False,False,True,86.2878,89.97756,6.779999999999999,1167536.4736,82.95933333333333,497.756,51.0,10.0,22.0,14.148533333333331,23.903024,18.456,17.0,15.0,73.0
Mülheim,Nordrhein-Westfalen,170880,23567,25.3,1,Stadt,6.566666666666666,True,False,False,False,True,72.388,88.4176,5.5600000000000005,805425.792,56.96,341.76,51.0,10.0,21.0,12.414733333333334,22.79104,18.567,15.0,20.0,73.0
Offenburg,Baden-Württemberg,59238,23456,23.7,1,Stadt,7.1000000000000005,False,False,False,False,False,59.6238,86.18476,5.24,277897.3056,19.746,118.476,51.0,10.0,25.0,11.838533333333334,16.769904,18.456,18.0,20.0,73.0
Saarbrücken,Saarland,180741,21876,25.4,2,Landeshauptstadt,6.533333333333333,False,False,False,False,True,73.47409999999999,88.61482,5.58,790778.0232,60.247,361.482,51.0,10.0,22.0,10.9792,22.877928,16.876,17.0,20.0,73.0
Fürstenfeldbruck,Bayern,39274,25432,27.3,0,Stadt,5.9,False,True,False,False,False,61.2274,85.78548,5.96,199763.2736,13.091333333333331,78.548,51.0,10.0,22.0,14.631066666666666,16.898192,20.432,18.0,18.0,73.0
Landau,Rheinland-Pfalz,46685,22678,27.9,1,Universitätsstadt,5.700000000000001,False,False,False,False,False,62.5685,85.9337,6.08,211744.486,15.561666666666667,93.37,51.0,10.0,25.0,12.424266666666668,17.00548,17.678,20.0,18.0,73.0
Seevetal,Niedersachsen,42785,24123,25.4,0,Stadt,6.533333333333333,False,False,False,False,False,59.6785,85.8557,5.58,206420.511,14.261666666666668,85.57,51.0,10.0,25.0,12.9266,16.77428,19.123,18.0,18.0,73.0
Wetzlar,Hessen,52953,23123,24.6,1,Stadt,6.799999999999999,False,False,False,False,False,59.8953,86.05906,5.42,244886.4438,17.651,105.906,51.0,10.0,25.0,11.819933333333331,16.791624,18.123,18.0,20.0,73.0
Münster,Nordrhein-Westfalen,316403,23876,37.1,2,Universitätsstadt,3.5,True,False,False,False,True,95.0,91.32806,7.92,1510887.6056,105.46766666666667,632.806,51.0,10.0,18.0,16.22253333333333,24.6,18.876,17.0,15.0,73.0
Pforzheim,Baden-Württemberg,125957,22354,22.1,1,Stadt,7.633333333333333,False,False,False,False,True,64.6957,87.51914,4.92,563128.5556,41.98566666666667,251.914,51.0,10.0,25.0,10.403466666666668,22.175656,17.354,15.0,20.0,73.0
Fürth,Bayern,127748,23456,24.8,2,Stadt,6.7333333333333325,False,False,False,False,True,67.5748,87.55496,5.46,599291.4176,42.58266666666667,255.496,51.0,10.0,22.0,12.168533333333333,22.405984,18.456,15.0,20.0,73.0
Kerpen,Nordrhein-Westfalen,65672,23456,24.2,0,Stadt,6.933333333333334,False,False,False,False,False,60.7672,86.31344,5.34,308080.4864,21.890666666666668,131.344,51.0,10.0,25.0,11.988533333333333,16.861376,18.456,18.0,20.0,73.0
Weinstadt,Baden-Württemberg,27043,24567,23.4,0,Stadt,7.2,False,False,False,False,False,56.1043,85.54086,5.18,132873.0762,9.014333333333331,54.086,51.0,10.0,25.0,12.7114,16.488344,19.567,18.0,18.0,73.0
Aschaffenburg,Bayern,70527,23456,24.2,1,Stadt,6.933333333333334,False,False,False,False,False,61.2527,86.41054,5.34,330856.2624,23.509,141.054,51.0,10.0,25.0,11.988533333333333,16.900216,18.456,18.0,20.0,73.0
Mannheim,Baden-Württemberg,309370,24123,26.3,2,Universitätsstadt,6.2333333333333325,False,False,False,False,True,87.237,91.1874,5.76,1492586.502,103.12333333333332,618.74,51.0,10.0,22.0,13.1966,23.97896,19.123,17.0,15.0,73.0
Erftstadt,Nordrhein-Westfalen,50171,23456,24.4,0,Stadt,6.866666666666667,False,False,False,False,False,59.4171,86.00342,5.38,235362.1952,16.723666666666666,100.342,51.0,10.0,25.0,12.048533333333337,16.753368000000002,18.456,18.0,20.0,73.0
Dormagen,Nordrhein-Westfalen,64582,23678,24.7,0,Stadt,6.766666666666668,False,False,False,False,False,61.1582,86.29164,5.44,305834.5192,21.52733333333333,129.164,51.0,10.0,25.0,12.330933333333332,16.892656,18.678,18.0,20.0,73.0
Landsberg,Bayern,29559,24567,26.4,1,Stadt,6.200000000000001,False,False,False,False,False,59.3559,85.59118,5.779999999999999,145235.1906,9.853,59.118,51.0,10.0,25.0,13.6114,16.748472,19.567,18.0,18.0,73.0
Ingelheim,Rheinland-Pfalz,35218,24123,25.8,0,Stadt,6.4,False,False,False,False,False,59.3218,85.70436,5.66,169912.7628,11.739333333333333,70.436,51.0,10.0,25.0,13.046600000000002,16.745744000000002,19.123,18.0,18.0,73.0
Bayreuth,Bayern,74048,21876,26.3,1,Universitätsstadt,6.2333333333333325,False,False,False,False,False,63.704800000000006,86.48096,5.76,323974.8096,24.682666666666663,148.096,51.0,10.0,25.0,11.2492,17.096384,16.876,20.0,20.0,73.0
Bornheim,Nordrhein-Westfalen,47514,24234,25.3,0,Stadt,6.566666666666666,False,False,False,False,False,60.0514,85.95028,5.5600000000000005,230290.8552,15.838,95.028,51.0,10.0,25.0,12.9928,16.804112,19.234,18.0,18.0,73.0
Landshut,Bayern,73411,24123,25.7,1,Stadt,6.433333333333334,False,True,False,False,False,63.0411,86.46822,5.64,354178.7106,24.470333333333333,146.822,51.0,10.0,22.0,13.0166,17.043288,19.123,18.0,20.0,72.0
Rosenheim,Bayern,63551,23987,25.4,1,Stadt,6.533333333333333,False,True,False,False,False,61.7551,86.27102,5.58,304879.5674,21.183666666666667,127.102,51.0,10.0,22.0,12.808733333333333,16.940407999999998,18.987,18.0,20.0,72.0
Lindau,Bayern,25549,24876,27.6,1,Stadt,5.799999999999999,False,True,False,False,False,60.154900000000005,85.51098,6.0200000000000005,127111.3848,8.516333333333334,51.098,51.0,10.0,22.0,14.2392,16.812392,19.876,18.0,18.0,72.0
Bad Vilbel,Hessen,34585,25123,26.7,0,Stadt,6.1,False,True,False,False,False,60.1585,85.6917,5.84,173775.791,11.528333333333334,69.17,51.0,10.0,22.0,14.183266666666666,16.81268,20.123,18.0,18.0,72.0
Kirchheim unter Teck,Baden-Württemberg,40898,24123,23.8,1,Stadt,7.066666666666666,False,False,False,False,False,57.8898,85.81796,5.26,197316.4908,13.632666666666667,81.796,51.0,10.0,25.0,12.4466,16.631184,19.123,18.0,18.0,72.0
Rodgau,Hessen,45878,23678,23.1,0,Stadt,7.3,False,False,False,False,False,57.6878,85.91756,5.12,217259.8568,15.292666666666667,91.756,51.0,10.0,25.0,11.850933333333334,16.615024,18.678,18.0,18.0,72.0
Fulda,Hessen,68635,22345,25.4,1,Stadt,6.533333333333333,False,False,False,False,False,62.2635,86.3727,5.58,306729.815,22.87833333333333,137.27,51.0,10.0,25.0,11.385666666666667,16.98108,17.345,18.0,20.0,72.0
Maintal,Hessen,39254,23987,24.5,0,Stadt,6.833333333333334,False,False,False,False,False,58.4254,85.78508,5.4,188317.1396,13.084666666666667,78.508,51.0,10.0,25.0,12.538733333333331,16.674032,18.987,18.0,18.0,72.0
Flensburg,Schleswig-Holstein,90164,20789,27.8,1,Universitätsstadt,5.7333333333333325,False,False,False,False,False,66.8164,86.80328,6.0600000000000005,374883.8792,30.054666666666662,180.328,51.0,10.0,25.0,10.757133333333334,17.345312,15.789,20.0,20.0,72.0
Pinneberg,Schleswig-Holstein,43915,23456,24.2,0,Stadt,6.933333333333334,False,False,False,False,False,58.5915,85.8783,5.34,206014.048,14.638333333333334,87.83,51.0,10.0,25.0,11.988533333333333,16.68732,18.456,18.0,18.0,72.0
Schwabach,Bayern,40792,23678,24.5,1,Stadt,6.833333333333334,False,False,False,False,False,58.5792,85.81584,5.4,193174.5952,13.597333333333331,81.584,51.0,10.0,25.0,12.270933333333334,16.686336,18.678,18.0,18.0,72.0
Garmisch-Partenkirchen,Bayern,27569,23876,25.7,1,Stadt,6.433333333333334,False,False,False,False,False,58.456900000000005,85.55138,5.64,131647.4888,9.189666666666668,55.138,51.0,10.0,25.0,12.802533333333333,16.676552,18.876,18.0,18.0,72.0
Worms,Rheinland-Pfalz,83459,22567,22.8,1,Stadt,7.399999999999999,False,False,False,False,False,61.1459,86.66918,5.0600000000000005,376683.8506,27.819666666666667,166.918,51.0,10.0,25.0,10.798066666666667,16.891672,17.567,18.0,20.0,72.0
Villingen-Schwenningen,Baden-Württemberg,85181,23234,22.1,1,Stadt,7.633333333333333,False,False,False,False,False,60.618100000000005,86.70362,4.92,395819.0708,28.393666666666668,170.362,51.0,10.0,25.0,11.166133333333333,16.849448000000002,18.234,18.0,20.0,72.0
Göppingen,Baden-Württemberg,57771,23234,22.8,1,Stadt,7.399999999999999,False,False,False,False,False,58.5771,86.15542,5.0600000000000005,268450.2828,19.257,115.542,51.0,10.0,25.0,11.376133333333334,16.686168000000002,18.234,18.0,20.0,72.0
Schwäbisch Gmünd,Baden-Württemberg,60834,22987,21.3,1,Stadt,7.899999999999999,False,False,False,False,False,57.3834,86.21668,4.76,279678.2316,20.278,121.668,51.0,10.0,25.0,10.712066666666669,16.590672,17.987000000000002,18.0,20.0,72.0
Nürtingen,Baden-Württemberg,41238,23987,24.5,1,Stadt,6.833333333333334,False,False,False,False,False,58.6238,85.82476,5.4,197835.1812,13.746,82.476,51.0,10.0,25.0,12.538733333333331,16.689904,18.987,18.0,18.0,72.0
Lörrach,Baden-Württemberg,48756,23567,25.3,1,Stadt,6.566666666666666,False,False,False,False,False,60.1756,85.97512,5.5600000000000005,229806.5304,16.252,97.512,51.0,10.0,25.0,12.414733333333334,16.814048,18.567,18.0,18.0,72.0
Ganderkesee,Niedersachsen,31683,23567,24.6,0,Stadt,6.799999999999999,False,False,False,False,False,57.7683,85.63366,5.42,149334.6522,10.561,63.366,51.0,10.0,25.0,12.204733333333332,16.621464,18.567,18.0,18.0,72.0
Lingen,Niedersachsen,55162,22456,23.4,1,Stadt,7.2,False,False,False,False,False,58.9162,86.10324,5.18,247743.5744,18.38733333333333,110.324,51.0,10.0,25.0,10.881866666666664,16.713296,17.456,18.0,20.0,72.0
Schorndorf,Baden-Württemberg,39821,24234,23.2,1,Stadt,7.266666666666667,False,False,False,False,False,57.182100000000005,85.79642,5.14,193004.4228,13.273666666666667,79.642,51.0,10.0,25.0,12.3628,16.574568,19.234,18.0,18.0,72.0
Weinheim,Baden-Württemberg,45147,23876,24.6,1,Stadt,6.799999999999999,False,False,False,False,False,59.1147,85.90294,5.42,215585.9544,15.049,90.294,51.0,10.0,25.0,12.472533333333333,16.729176,18.876,18.0,18.0,72.0
Schwäbisch Hall,Baden-Württemberg,40844,23456,24.8,1,Stadt,6.7333333333333325,False,False,False,False,False,58.8844,85.81688,5.46,191607.3728,13.614666666666666,81.688,51.0,10.0,25.0,12.168533333333333,16.710752,18.456,18.0,18.0,72.0
Augsburg,Bayern,296478,24198,26.4,2,Stadt,6.200000000000001,False,False,False,False,True,86.0478,90.92956,5.779999999999999,1434834.9288,98.826,592.956,51.0,10.0,22.0,13.2916,23.883824,19.198,15.0,15.0,72.0
Worms,Nordrhein-Westfalen,83459,22567,22.8,1,Stadt,7.399999999999999,False,False,False,False,False,61.1459,86.66918,5.0600000000000005,376683.8506,27.819666666666667,166.918,51.0,10.0,25.0,10.798066666666667,16.891672,17.567,18.0,20.0,72.0
Neustadt,Rheinland-Pfalz,53264,22876,24.3,1,Stadt,6.9,False,False,False,False,False,59.6264,86.06528,5.36,243693.4528,17.754666666666665,106.528,51.0,10.0,25.0,11.515866666666668,16.770112,17.876,18.0,20.0,72.0
Erding,Bayern,36469,25123,26.8,0,Stadt,6.066666666666666,False,True,False,False,False,60.4469,85.72938,5.86,183242.1374,12.156333333333333,72.938,51.0,10.0,22.0,14.213266666666668,16.835752,20.123,18.0,18.0,72.0
Königsbrunn,Bayern,28219,23987,24.2,0,Stadt,6.933333333333334,False,False,False,False,False,57.0219,85.56438,5.34,135377.8306,9.406333333333333,56.438,51.0,10.0,25.0,12.448733333333331,16.561752,18.987,18.0,18.0,72.0
Tuttlingen,Baden-Württemberg,36046,23876,22.3,1,Stadt,7.566666666666666,False,False,False,False,False,55.9046,85.72092,4.96,172126.8592,12.015333333333333,72.092,51.0,10.0,25.0,11.782533333333332,16.472368,18.876,18.0,18.0,72.0
Rottenburg,Baden-Württemberg,43893,23234,25.6,1,Stadt,6.466666666666667,False,False,False,False,False,59.9893,85.87786,5.62,203961.9924,14.631,87.786,51.0,10.0,25.0,12.216133333333332,16.799144,18.234,18.0,18.0,72.0
Neu-Ulm,Bayern,58978,23234,22.9,1,Stadt,7.366666666666667,False,False,False,False,False,58.7978,86.17956,5.08,274058.9704,19.659333333333333,117.956,51.0,10.0,25.0,11.406133333333331,16.703824,18.234,18.0,20.0,72.0
Bocholt,Nordrhein-Westfalen,71062,22678,23.2,1,Stadt,7.266666666666667,False,False,False,False,False,60.3062,86.42124,5.14,322308.8072,23.68733333333333,142.124,51.0,10.0,25.0,11.014266666666666,16.824496,17.678,18.0,20.0,72.0
Villingen-Schwenningen,Nordrhein-Westfalen,85181,23234,22.1,1,Stadt,7.633333333333333,False,False,False,False,False,60.618100000000005,86.70362,4.92,395819.0708,28.393666666666668,170.362,51.0,10.0,25.0,11.166133333333333,16.849448000000002,18.234,18.0,20.0,72.0
Flensburg,Nordrhein-Westfalen,90164,20789,27.8,1,Universitätsstadt,5.7333333333333325,False,False,False,False,False,66.8164,86.80328,6.0600000000000005,374883.8792,30.054666666666662,180.328,51.0,10.0,25.0,10.757133333333334,17.345312,15.789,20.0,20.0,72.0
Hennef,Nordrhein-Westfalen,47563,23567,24.9,0,Stadt,6.700000000000001,False,False,False,False,False,59.6563,85.95126,5.48,224183.4442,15.854333333333331,95.126,51.0,10.0,25.0,12.294733333333332,16.772504,18.567,18.0,18.0,72.0
Hanau,Hessen,96023,23456,23.2,1,Stadt,7.266666666666667,False,True,False,False,False,62.8023,86.92046,5.14,450463.0976,32.007666666666665,192.046,51.0,10.0,22.0,11.688533333333332,17.024183999999998,18.456,18.0,20.0,71.0
Isernhagen,Niedersachsen,24768,24789,26.3,0,Stadt,6.2333333333333325,False,False,True,False,False,58.7768,85.49536,5.76,122794.7904,8.256,49.536,51.0,10.0,21.0,13.7738,16.702144,19.789,18.0,18.0,71.0
Neuburg,Bayern,30230,23123,24.6,0,Stadt,6.799999999999999,False,False,False,False,False,57.623000000000005,85.6046,5.42,139801.658,10.076666666666666,60.46,51.0,10.0,25.0,11.819933333333331,16.60984,18.123,18.0,18.0,71.0
Bad Kreuznach,Rheinland-Pfalz,50924,21987,23.2,1,Stadt,7.266666666666667,False,False,False,False,False,58.2924,86.01848,5.14,223933.1976,16.974666666666668,101.848,51.0,10.0,25.0,10.415399999999998,16.663392,16.987,18.0,20.0,71.0
Lauf,Bayern,26497,23234,23.8,0,Stadt,7.066666666666666,False,False,False,False,False,56.44970000000001,85.52994,5.26,123126.2596,8.832333333333333,52.994,51.0,10.0,25.0,11.676133333333333,16.515976000000002,18.234,18.0,18.0,71.0
Memmingen,Bayern,44100,22876,24.2,1,Stadt,6.933333333333334,False,False,False,False,False,58.61,85.882,5.34,201766.32,14.7,88.2,51.0,10.0,25.0,11.485866666666666,16.6888,17.876,18.0,18.0,71.0
Bergheim,Nordrhein-Westfalen,61260,22345,22.8,0,Stadt,7.399999999999999,False,False,False,False,False,58.926,86.2252,5.0600000000000005,273770.94,20.42,122.52,51.0,10.0,25.0,10.605666666666668,16.71408,17.345,18.0,20.0,71.0
Lüdenscheid,Nordrhein-Westfalen,72313,22234,22.7,1,Stadt,7.433333333333334,False,False,False,False,False,59.93129999999999,86.44626,5.04,321561.4484,24.104333333333333,144.626,51.0,10.0,25.0,10.479466666666667,16.794504,17.234,18.0,20.0,71.0
Ludwigshafen,Rheinland-Pfalz,172253,22234,22.7,2,Stadt,7.433333333333334,False,False,False,False,True,69.92530000000001,88.44506,5.04,765974.6404,57.41766666666667,344.506,51.0,10.0,22.0,10.479466666666667,22.594024,17.234,15.0,20.0,71.0
Stade,Niedersachsen,47611,22789,23.8,1,Stadt,7.066666666666666,False,False,False,False,False,58.5611,85.95222,5.26,217001.4158,15.870333333333331,95.222,51.0,10.0,25.0,11.290466666666669,16.684888,17.789,18.0,18.0,71.0
Burgdorf,Niedersachsen,31052,22678,24.1,0,Stadt,6.966666666666667,False,False,False,False,False,57.2052,85.62104,5.32,140839.4512,10.350666666666667,62.104,51.0,10.0,25.0,11.284266666666667,16.576416000000002,17.678,18.0,18.0,71.0
Lehrte,Niedersachsen,43885,22876,23.6,0,Stadt,7.133333333333333,False,False,False,False,False,57.9885,85.8777,5.220000000000001,200782.652,14.628333333333334,87.77,51.0,10.0,25.0,11.305866666666669,16.63908,17.876,18.0,18.0,71.0
Rheinbach,Nordrhein-Westfalen,27620,23234,24.6,0,Stadt,6.799999999999999,False,False,False,False,False,57.362,85.5524,5.42,128344.616,9.206666666666669,55.24,51.0,10.0,25.0,11.916133333333333,16.58896,18.234,18.0,18.0,71.0
Bruchsal,Baden-Württemberg,44999,23234,22.9,1,Stadt,7.366666666666667,False,False,False,False,False,57.3999,85.89998,5.08,209101.3532,14.999666666666666,89.998,51.0,10.0,25.0,11.406133333333331,16.591992,18.234,18.0,18.0,71.0
Backnang,Baden-Württemberg,37456,23678,22.7,1,Stadt,7.433333333333334,False,False,False,False,False,56.4456,85.74912,5.04,177376.6336,12.485333333333331,74.912,51.0,10.0,25.0,11.730933333333333,16.515648,18.678,18.0,18.0,71.0
Geesthacht,Schleswig-Holstein,30665,22876,23.6,0,Stadt,7.133333333333333,False,False,False,False,False,56.6665,85.6133,5.220000000000001,140298.508,10.221666666666666,61.33,51.0,10.0,25.0,11.305866666666669,16.53332,17.876,18.0,18.0,71.0
Minden,Nordrhein-Westfalen,81594,21987,23.2,1,Stadt,7.266666666666667,False,False,False,False,False,61.3594,86.63188,5.14,358801.4556,27.198,163.188,51.0,10.0,25.0,10.415399999999998,16.908752,16.987,18.0,20.0,71.0
Elmshorn,Schleswig-Holstein,50141,22234,22.7,1,Stadt,7.433333333333334,False,False,False,False,False,57.7141,86.00282,5.04,222966.9988,16.713666666666665,100.282,51.0,10.0,25.0,10.479466666666667,16.617128,17.234,18.0,20.0,71.0
Weyhe,Niedersachsen,30900,23234,24.2,0,Stadt,6.933333333333334,False,False,False,False,False,57.290000000000006,85.618,5.34,143586.12,10.3,61.8,51.0,10.0,25.0,11.796133333333334,16.5832,18.234,18.0,18.0,71.0
Stuhr,Niedersachsen,33673,22876,23.9,0,Stadt,7.033333333333334,False,False,False,False,False,57.2673,85.67346,5.279999999999999,154060.7096,11.224333333333334,67.346,51.0,10.0,25.0,11.395866666666668,16.581384,17.876,18.0,18.0,71.0
Dachau,Bayern,47400,24567,26.1,1,Stadt,6.299999999999999,False,True,False,False,False,60.84,85.948,5.720000000000001,232895.16,15.8,94.8,51.0,10.0,22.0,13.521400000000002,16.8672,19.567,18.0,18.0,71.0
Pfaffenhofen,Bayern,26474,24234,25.8,0,Stadt,6.4,False,True,False,False,False,58.4474,85.52948,5.66,128314.1832,8.824666666666667,52.948,51.0,10.0,22.0,13.1428,16.675792,19.234,18.0,18.0,71.0
Solingen,Nordrhein-Westfalen,159360,22456,23.4,1,Stadt,7.2,True,False,False,False,True,69.336,88.1872,5.18,715717.632,53.12,318.72,51.0,10.0,21.0,10.881866666666664,22.54688,17.456,15.0,20.0,71.0
Moers,Nordrhein-Westfalen,103949,22678,23.7,1,Stadt,7.1000000000000005,True,False,False,False,True,64.0949,87.07898,5.24,471471.0844,34.64966666666667,207.898,51.0,10.0,21.0,11.164266666666666,22.127592,17.678,15.0,20.0,71.0
Neumarkt,Bayern,40209,23456,23.1,1,Stadt,7.3,False,False,False,False,False,57.1209,85.80418,5.12,188628.4608,13.403,80.418,51.0,10.0,25.0,11.658533333333336,16.569672,18.456,18.0,18.0,71.0
Bielefeld,Nordrhein-Westfalen,333786,23123,26.3,2,Stadt,6.2333333333333325,False,False,False,False,True,89.6786,91.67572,5.76,1543626.7356,111.262,667.572,51.0,10.0,22.0,12.329933333333331,24.174288,18.123,15.0,15.0,71.0
Nürnberg,Bayern,518365,24567,29.3,4,Stadt,5.2333333333333325,False,False,False,False,True,95.0,95.3673,6.36,2546934.591,172.78833333333333,1036.73,51.0,10.0,19.0,14.4814,24.6,19.567,15.0,15.0,71.0
Coburg,Bayern,41257,22789,25.6,1,Stadt,6.466666666666667,False,False,False,False,False,59.7257,85.82514,5.62,188041.1546,13.752333333333333,82.514,51.0,10.0,25.0,11.830466666666666,16.778056,17.789,18.0,18.0,71.0
Velbert,Nordrhein-Westfalen,81698,23456,23.9,1,Stadt,7.033333333333334,True,False,False,False,False,62.0698,86.63396,5.279999999999999,383261.6576,27.232666666666667,163.396,51.0,10.0,21.0,11.898533333333331,16.965584,18.456,18.0,20.0,70.0
Offenbach,Hessen,128744,22987,24.7,2,Stadt,6.766666666666668,False,True,False,False,True,67.5744,87.57488,5.44,591887.6656,42.91466666666667,257.488,51.0,10.0,19.0,11.732066666666666,22.405952,17.987000000000002,15.0,20.0,70.0
Langenhagen,Niedersachsen,54926,23123,24.1,0,Stadt,6.966666666666667,False,False,True,False,False,59.5926,86.09852,5.32,254010.7796,18.308666666666667,109.852,51.0,10.0,21.0,11.669933333333333,16.767408,18.123,18.0,20.0,70.0
Viersen,Nordrhein-Westfalen,77477,23123,23.6,1,Stadt,7.133333333333333,True,False,False,False,False,61.3477,86.54954,5.220000000000001,358300.1342,25.825666666666667,154.954,51.0,10.0,21.0,11.519933333333334,16.907816,18.123,18.0,20.0,70.0
Hildesheim,Niedersachsen,101055,21876,24.3,1,Stadt,6.9,False,False,True,False,True,64.4055,87.0211,5.36,442135.836,33.685,202.11,51.0,10.0,21.0,10.6492,22.15244,16.876,15.0,20.0,70.0
Neuwied,Rheinland-Pfalz,64860,21234,22.1,1,Stadt,7.633333333333333,False,False,False,False,False,58.586,86.2972,4.92,275447.448,21.62,129.72,51.0,10.0,25.0,9.4328,16.68688,16.234,18.0,20.0,70.0
Schweinfurt,Bayern,53426,21876,21.3,1,Stadt,7.899999999999999,False,False,False,False,False,56.6426,86.06852,4.76,233749.4352,17.808666666666667,106.852,51.0,10.0,25.0,9.7492,16.531408,16.876,18.0,20.0,70.0
Hameln,Niedersachsen,56255,21234,22.8,1,Stadt,7.399999999999999,False,False,False,False,False,58.4255,86.1251,5.0600000000000005,238903.734,18.751666666666665,112.51,51.0,10.0,25.0,9.6428,16.674039999999998,16.234,18.0,20.0,70.0
Friedberg,Hessen,30175,23456,24.3,0,Stadt,6.9,False,True,False,False,False,57.3175,85.6035,5.36,141556.96,10.058333333333334,60.35,51.0,10.0,22.0,12.018533333333334,16.5854,18.456,18.0,18.0,70.0
Lampertheim,Hessen,32863,22567,22.1,0,Stadt,7.633333333333333,False,False,False,False,False,55.3863,85.65726,4.92,148323.8642,10.954333333333333,65.726,51.0,10.0,25.0,10.588066666666666,16.430903999999998,17.567,18.0,18.0,70.0
Eschweiler,Nordrhein-Westfalen,56321,21543,22.7,1,Stadt,7.433333333333334,False,False,False,False,False,58.3321,86.12642,5.04,242664.6606,18.773666666666667,112.642,51.0,10.0,25.0,9.8806,16.666567999999998,16.543,18.0,20.0,70.0
Viernheim,Hessen,34429,22789,22.6,0,Stadt,7.466666666666666,False,False,False,False,False,56.0429,85.68858,5.0200000000000005,156920.4962,11.476333333333333,68.858,51.0,10.0,25.0,10.930466666666668,16.483432,17.789,18.0,18.0,70.0
Ronnenberg,Niedersachsen,23579,22567,23.7,0,Stadt,7.1000000000000005,False,False,False,False,False,56.0579,85.47158,5.24,106421.4586,7.859666666666667,47.158,51.0,10.0,25.0,11.068066666666668,16.484631999999998,17.567,18.0,18.0,70.0
Kempten,Bayern,68907,22765,23.8,1,Stadt,7.066666666666666,False,True,False,False,False,60.69070000000001,86.37814,5.26,313733.571,22.969,137.814,51.0,10.0,22.0,11.269666666666666,16.855256,17.765,18.0,20.0,70.0
Lippstadt,Nordrhein-Westfalen,67219,22987,23.9,1,Stadt,7.033333333333334,True,False,False,False,False,60.6219,86.34438,5.279999999999999,309032.6306,22.406333333333333,134.438,51.0,10.0,21.0,11.492066666666666,16.849752,17.987000000000002,18.0,20.0,70.0
Remscheid,Nordrhein-Westfalen,109352,22123,22.3,1,Stadt,7.566666666666666,True,False,False,False,True,63.235200000000006,87.18704,4.96,483838.8592,36.45066666666666,218.704,51.0,10.0,21.0,10.263266666666668,22.058816,17.123,15.0,20.0,70.0
Rheine,Nordrhein-Westfalen,76530,22789,24.1,1,Stadt,6.966666666666667,True,False,False,False,False,61.753,86.5306,5.32,348808.434,25.51,153.06,51.0,10.0,21.0,11.380466666666669,16.94024,17.789,18.0,20.0,70.0
Singen,Baden-Württemberg,47925,22456,21.4,1,Stadt,7.866666666666667,False,False,False,False,False,56.1925,85.9585,4.779999999999999,215240.76,15.975,95.85,51.0,10.0,25.0,10.281866666666666,16.4954,17.456,18.0,18.0,70.0
Heidenheim,Baden-Württemberg,49310,22876,21.7,1,Stadt,7.766666666666667,False,False,False,False,False,56.631,85.9862,4.84,225603.112,16.436666666666667,98.62,51.0,10.0,25.0,10.735866666666666,16.53048,17.876,18.0,18.0,70.0
Frankenthal,Rheinland-Pfalz,48762,22123,23.4,1,Stadt,7.2,False,False,False,False,False,58.2762,85.97524,5.18,215752.3452,16.254,97.524,51.0,10.0,25.0,10.593266666666668,16.662096,17.123,18.0,18.0,70.0
Königs Wusterhausen,Brandenburg,38078,21876,24.3,0,Stadt,6.9,False,False,False,False,False,58.1078,85.76156,5.36,166598.8656,12.692666666666666,76.156,51.0,10.0,25.0,10.6492,16.648623999999998,16.876,18.0,18.0,70.0
Kehl,Baden-Württemberg,36862,22987,21.9,1,Stadt,7.7,False,False,False,False,False,55.5862,85.73724,4.88,169469.3588,12.287333333333333,73.724,51.0,10.0,25.0,10.892066666666668,16.446896,17.987000000000002,18.0,18.0,70.0
Straubing,Bayern,47794,22123,23.6,1,Stadt,7.133333333333333,False,False,False,False,False,58.3794,85.95588,5.220000000000001,211469.3324,15.931333333333331,95.588,51.0,10.0,25.0,10.653266666666669,16.670352,17.123,18.0,18.0,70.0
Kaufbeuren,Bayern,44398,22345,23.7,1,Stadt,7.1000000000000005,False,False,False,False,False,58.1398,85.88796,5.24,198414.662,14.799333333333331,88.796,51.0,10.0,25.0,10.875666666666667,16.651184,17.345,18.0,18.0,70.0
Nordhorn,Niedersachsen,53790,21345,22.6,1,Stadt,7.466666666666666,False,False,False,False,False,57.979,86.0758,5.0200000000000005,229629.51,17.93,107.58,51.0,10.0,25.0,9.679000000000002,16.63832,16.345,18.0,20.0,70.0
Ibbenbüren,Nordrhein-Westfalen,51296,21234,21.9,1,Stadt,7.7,False,False,False,False,False,57.0296,86.02592,4.88,217843.8528,17.098666666666666,102.592,51.0,10.0,25.0,9.372800000000002,16.562368,16.234,18.0,20.0,70.0
Ansbach,Bayern,41798,22456,24.3,1,Stadt,6.9,False,False,False,False,False,58.4798,85.83596,5.36,187723.1776,13.932666666666666,83.596,51.0,10.0,25.0,11.151866666666669,16.678384,17.456,18.0,18.0,70.0
Unna,Nordrhein-Westfalen,58836,21567,21.8,1,Stadt,7.733333333333333,False,False,False,False,False,57.6836,86.17672,4.86,253783.2024,19.612,117.672,51.0,10.0,25.0,9.6314,16.614688,16.567,18.0,20.0,70.0
Euskirchen,Nordrhein-Westfalen,58234,21876,22.1,1,Stadt,7.633333333333333,False,False,False,False,False,57.9234,86.16468,4.92,254785.3968,19.41133333333333,116.468,51.0,10.0,25.0,9.9892,16.633872,16.876,18.0,20.0,70.0
Nordhorn,Nordrhein-Westfalen,53790,21345,22.6,1,Stadt,7.466666666666666,False,False,False,False,False,57.979,86.0758,5.0200000000000005,229629.51,17.93,107.58,51.0,10.0,25.0,9.679000000000002,16.63832,16.345,18.0,20.0,70.0
Emden,Niedersachsen,49913,21234,23.1,1,Stadt,7.3,False,False,False,False,False,58.0913,85.99826,5.12,211970.5284,16.637666666666668,99.826,51.0,10.0,25.0,9.7328,16.647304,16.234,18.0,18.0,69.0
Goslar,Niedersachsen,50184,20678,22.3,1,Stadt,7.566666666666666,False,False,False,False,False,57.3184,86.00368,4.96,207540.9504,16.728,100.368,51.0,10.0,25.0,9.010933333333332,16.585472,15.678,18.0,20.0,69.0
Andernach,Rheinland-Pfalz,30885,21678,22.9,1,Stadt,7.366666666666667,False,False,False,False,False,55.9885,85.6177,5.08,133905.006,10.295,61.77,51.0,10.0,25.0,10.0576,16.47908,16.678,18.0,18.0,69.0
Witten,Nordrhein-Westfalen,96136,22456,24.8,1,Stadt,6.7333333333333325,True,False,False,False,False,64.4136,86.92272,5.46,431766.0032,32.04533333333333,192.272,51.0,10.0,21.0,11.301866666666664,17.153088,17.456,18.0,20.0,69.0
Detmold,Nordrhein-Westfalen,74097,22345,25.3,1,Stadt,6.566666666666666,True,False,False,False,False,62.7097,86.48194,5.5600000000000005,331139.493,24.699,148.194,51.0,10.0,21.0,11.355666666666668,17.016776,17.345,18.0,20.0,69.0
Grevenbroich,Nordrhein-Westfalen,64000,22876,23.3,0,Stadt,7.233333333333333,True,False,False,False,False,59.7,86.28,5.16,292812.8,21.33333333333333,128.0,51.0,10.0,21.0,11.215866666666669,16.776,17.876,18.0,20.0,69.0
Iserlohn,Nordrhein-Westfalen,92174,22789,23.1,1,Stadt,7.3,True,False,False,False,False,62.3174,86.84348,5.12,420110.6572,30.724666666666668,184.348,51.0,10.0,21.0,11.080466666666666,16.985392,17.789,18.0,20.0,69.0
Mönchengladbach,Nordrhein-Westfalen,261454,22345,23.8,2,Stadt,7.066666666666666,False,False,False,False,True,79.94539999999999,90.22908,5.26,1168437.926,87.15133333333333,522.908,51.0,10.0,22.0,10.905666666666669,23.395632,17.345,15.0,15.0,69.0
Celle,Niedersachsen,69748,22345,23.7,1,Stadt,7.1000000000000005,False,False,True,False,False,60.674800000000005,86.39496,5.24,311703.812,23.249333333333333,139.496,51.0,10.0,21.0,10.875666666666667,16.853984,17.345,18.0,20.0,69.0
Wedemark,Niedersachsen,30064,23456,24.8,0,Stadt,6.7333333333333325,False,False,True,False,False,57.8064,85.60128,5.46,141036.2368,10.021333333333333,60.128,51.0,10.0,21.0,12.168533333333333,16.624512,18.456,18.0,18.0,69.0
Delmenhorst,Niedersachsen,77607,20987,20.6,1,Stadt,8.133333333333333,False,False,False,False,False,58.3607,86.55214,4.62,325747.6218,25.869,155.214,51.0,10.0,25.0,8.768733333333333,16.668855999999998,15.987,18.0,20.0,69.0
Lünen,Nordrhein-Westfalen,85838,20678,20.9,1,Stadt,8.033333333333335,False,False,False,False,False,59.4838,86.71676,4.68,354991.6328,28.612666666666662,171.676,51.0,10.0,25.0,8.590933333333332,16.758704,15.678,18.0,20.0,69.0
Bremerhaven,Bremen,113643,19876,21.3,1,Stadt,7.899999999999999,False,False,False,False,True,62.6643,87.27286,4.76,451753.6536,37.881,227.286,51.0,10.0,25.0,8.015866666666666,22.013144,14.876,15.0,20.0,69.0
Albstadt,Baden-Württemberg,45783,22345,20.8,1,Stadt,8.066666666666666,False,False,False,False,False,55.3783,85.91566,4.66,204604.227,15.261,91.566,51.0,10.0,25.0,10.005666666666666,16.430264,17.345,18.0,18.0,69.0
Neustadt,Niedersachsen,44752,21543,22.1,0,Stadt,7.633333333333333,False,False,False,False,False,56.5752,85.89504,4.92,192818.4672,14.917333333333334,89.504,51.0,10.0,25.0,9.7006,16.526016,16.543,18.0,18.0,69.0
Vechta,Niedersachsen,32894,21876,23.1,1,Stadt,7.3,False,False,False,False,False,56.3894,85.65788,5.12,143917.8288,10.964666666666666,65.788,51.0,10.0,25.0,10.2892,16.511152,16.876,18.0,18.0,69.0
Melle,Niedersachsen,46516,21987,22.4,0,Stadt,7.533333333333334,False,False,False,False,False,57.0516,85.93032,4.98,204549.4584,15.505333333333333,93.032,51.0,10.0,25.0,10.175399999999998,16.564128,16.987,18.0,18.0,69.0
Cottbus,Brandenburg,98693,19876,24.3,1,Stadt,6.9,False,False,False,False,False,64.1693,86.97386,5.36,392324.4136,32.897666666666666,197.386,51.0,10.0,25.0,8.915866666666668,17.133544,14.876,18.0,20.0,69.0
Ahlen,Nordrhein-Westfalen,52382,20987,21.3,1,Stadt,7.899999999999999,False,False,False,False,False,56.5382,86.04764,4.76,219868.2068,17.46066666666667,104.764,51.0,10.0,25.0,8.978733333333333,16.523056,15.987,18.0,20.0,69.0
Castrop-Rauxel,Nordrhein-Westfalen,73098,20876,20.7,1,Stadt,8.100000000000001,False,False,False,False,False,58.0098,86.46196,4.64,305198.7696,24.366,146.196,51.0,10.0,25.0,8.702533333333331,16.640784,15.876,18.0,20.0,69.0
Hückelhoven,Nordrhein-Westfalen,39273,21678,22.1,0,Stadt,7.633333333333333,False,False,False,False,False,56.0273,85.78546,4.92,170272.0188,13.091,78.546,51.0,10.0,25.0,9.8176,16.482184,16.678,18.0,18.0,69.0
Amberg,Bayern,41970,21876,22.9,1,Stadt,7.366666666666667,False,False,False,False,False,57.097,85.8394,5.08,183627.144,13.99,83.94,51.0,10.0,25.0,10.2292,16.56776,16.876,18.0,18.0,69.0
Arnsberg,Nordrhein-Westfalen,73374,22456,23.4,1,Stadt,7.2,True,False,False,False,False,60.7374,86.46748,5.18,329537.3088,24.458,146.748,51.0,10.0,21.0,10.881866666666664,16.858992,17.456,18.0,20.0,69.0
Marl,Nordrhein-Westfalen,83929,20876,20.4,1,Stadt,8.2,False,False,False,False,False,58.7929,86.67858,4.58,350420.3608,27.976333333333333,167.858,51.0,10.0,25.0,8.612533333333333,16.703432,15.876,18.0,20.0,69.0
Hannover,Niedersachsen,534049,24123,28.7,3,Landeshauptstadt,5.433333333333334,False,False,True,False,True,95.0,95.68098,6.24,2576572.8054,178.01633333333334,1068.098,51.0,10.0,15.0,13.9166,24.6,19.123,17.0,15.0,69.0
Wilhelmshaven,Niedersachsen,75189,20123,21.2,1,Stadt,7.933333333333334,False,False,False,False,False,58.718900000000005,86.50378,4.74,302605.6494,25.063,150.378,51.0,10.0,25.0,8.199933333333334,16.697512,15.123,18.0,20.0,68.0
Garbsen,Niedersachsen,60828,21789,21.3,0,Stadt,7.899999999999999,False,False,True,False,False,57.3828,86.21656,4.76,265076.2584,20.276,121.656,51.0,10.0,21.0,9.6738,16.590624,16.789,18.0,20.0,68.0
Freiberg,Sachsen,40478,19123,25.6,1,Universitätsstadt,6.466666666666667,False,False,False,False,False,59.6478,85.80956,5.62,154812.1588,13.492666666666668,80.956,51.0,10.0,25.0,8.653266666666667,16.771824,14.123,20.0,18.0,68.0
Weiden,Bayern,42520,21234,21.8,1,Stadt,7.733333333333333,False,False,False,False,False,56.05200000000001,85.8504,4.86,180573.936,14.173333333333334,85.04,51.0,10.0,25.0,9.3428,16.48416,16.234,18.0,18.0,68.0
Braunschweig,Niedersachsen,248292,23456,27.3,2,Stadt,5.9,True,False,False,False,True,82.1292,89.96584,5.96,1164787.4304,82.764,496.584,51.0,10.0,18.0,12.918533333333333,23.570336,18.456,15.0,15.0,68.0
Hof,Bayern,45173,20987,22.4,1,Stadt,7.533333333333334,False,False,False,False,False,56.9173,85.90346,4.98,189609.1502,15.057666666666666,90.346,51.0,10.0,25.0,9.308733333333333,16.553384,15.987,18.0,18.0,68.0
Kleve,Nordrhein-Westfalen,52477,21876,24.3,1,Stadt,6.9,True,False,False,False,False,59.547700000000006,86.04954,5.36,229597.3704,17.492333333333335,104.954,51.0,10.0,21.0,10.6492,16.763816,16.876,18.0,20.0,68.0
Dinslaken,Nordrhein-Westfalen,67373,22234,22.6,1,Stadt,7.466666666666666,True,False,False,False,False,59.3373,86.34746,5.0200000000000005,299594.2564,22.457666666666668,134.746,51.0,10.0,21.0,10.449466666666668,16.746984,17.234,18.0,20.0,68.0
Wesel,Nordrhein-Westfalen,60718,21987,22.4,1,Stadt,7.533333333333334,True,False,False,False,False,58.4718,86.21436,4.98,267001.3332,20.23933333333333,121.436,51.0,10.0,21.0,10.175399999999998,16.677744,16.987,18.0,20.0,68.0
Bernau,Brandenburg,40908,22456,25.8,0,Stadt,6.4,False,False,True,False,False,59.8908,85.81816,5.66,183726.0096,13.636,81.816,51.0,10.0,21.0,11.601866666666666,16.791263999999998,17.456,18.0,18.0,68.0
Bottrop,Nordrhein-Westfalen,117388,21234,20.8,1,Stadt,8.066666666666666,True,False,False,False,True,62.5388,87.34776,4.66,498523.3584,39.129333333333335,234.776,51.0,10.0,21.0,9.0428,22.003104,16.234,15.0,20.0,68.0
Recklinghausen,Nordrhein-Westfalen,110714,20987,21.6,1,Stadt,7.8,True,False,False,False,True,62.6714,87.21428,4.82,464710.9436,36.90466666666666,221.428,51.0,10.0,21.0,9.068733333333334,22.013712,15.987,15.0,20.0,68.0
Greifswald,Mecklenburg-Vorpommern,59282,18987,29.8,1,Universitätsstadt,5.066666666666666,False,False,True,False,False,65.7282,86.18564,6.46,225117.4668,19.760666666666665,118.564,51.0,10.0,21.0,9.7954,17.258256,13.987,20.0,20.0,68.0
Dietzenbach,Hessen,34624,21234,21.9,0,Stadt,7.7,False,False,False,False,False,55.3624,85.69248,4.88,147041.2032,11.541333333333334,69.248,51.0,10.0,25.0,9.372800000000002,16.428992,16.234,18.0,18.0,68.0
Dresden,Sachsen,556227,21982,36.2,3,Landeshauptstadt,3.5,False,False,True,False,True,95.0,96.12454,7.74,2445396.3828,185.409,1112.454,51.0,10.0,15.0,14.311066666666663,24.6,16.982,17.0,15.0,68.0
Barsinghausen,Niedersachsen,33481,22234,23.3,0,Stadt,7.233333333333333,False,True,False,False,False,56.6481,85.66962,5.16,148883.3108,11.160333333333334,66.962,51.0,10.0,22.0,10.659466666666669,16.531848,17.234,18.0,18.0,68.0
Kassel,Hessen,201585,22345,26.4,2,Stadt,6.200000000000001,False,True,False,False,True,76.55850000000001,89.0317,5.779999999999999,900883.365,67.195,403.17,51.0,10.0,19.0,11.685666666666666,23.12468,17.345,15.0,15.0,67.0
Salzgitter,Niedersachsen,103866,20234,19.8,1,Stadt,8.399999999999999,True,False,False,False,True,60.1866,87.07732,4.46,420324.9288,34.622,207.732,51.0,10.0,21.0,7.876133333333333,21.814928,15.234,15.0,20.0,67.0
Weimar,Thüringen,65090,19876,28.3,1,Kulturstadt,5.566666666666666,True,False,False,False,False,64.809,86.3018,6.16,258745.768,21.696666666666665,130.18,51.0,10.0,21.0,10.115866666666667,17.18472,14.876,18.0,20.0,67.0
Dorsten,Nordrhein-Westfalen,74697,21345,21.3,1,Stadt,7.899999999999999,True,False,False,False,False,58.7697,86.49394,4.76,318881.493,24.899,149.394,51.0,10.0,21.0,9.289,16.701576,16.345,18.0,20.0,67.0
Schwerin,Mecklenburg-Vorpommern,95653,19567,24.8,1,Landeshauptstadt,6.7333333333333325,False,False,True,False,False,64.3653,86.91306,5.46,374328.4502,31.88433333333333,191.306,51.0,10.0,21.0,8.798066666666667,17.149224,14.567,20.0,20.0,67.0
Hagen,Nordrhein-Westfalen,188814,20876,22.6,2,Stadt,7.466666666666666,True,False,False,False,True,71.48140000000001,88.77628,5.0200000000000005,788336.2128,62.938,377.628,51.0,10.0,18.0,9.272533333333335,22.718512,15.876,15.0,20.0,67.0
Wuppertal,Nordrhein-Westfalen,354382,22876,25.2,2,Stadt,6.6,True,False,False,False,True,90.6382,92.08764,5.54,1621368.5264,118.12733333333334,708.764,51.0,10.0,18.0,11.785866666666667,24.251056,17.876,15.0,15.0,67.0
Kiel,Schleswig-Holstein,246243,21234,27.8,2,Landeshauptstadt,5.7333333333333325,False,False,True,False,True,82.4243,89.92486,6.0600000000000005,1045744.7724,82.081,492.486,51.0,10.0,18.0,11.1428,23.593944,16.234,17.0,15.0,67.0
Herten,Nordrhein-Westfalen,61841,19987,19.4,1,Stadt,8.533333333333335,False,False,False,False,False,55.5841,86.23682,4.38,247203.2134,20.613666666666667,123.682,51.0,10.0,25.0,7.542066666666667,16.446728,14.987,18.0,20.0,67.0
Wernigerode,Sachsen-Anhalt,32181,19789,22.7,1,Stadt,7.433333333333334,False,False,False,False,False,55.9181,85.64362,5.04,127365.9618,10.727,64.362,51.0,10.0,25.0,8.360466666666667,16.473448,14.789,18.0,18.0,67.0
Kulmbach,Bayern,26678,20789,21.2,1,Stadt,7.933333333333334,False,False,False,False,False,53.8678,85.53356,4.74,110921.7884,8.892666666666667,53.356,51.0,10.0,25.0,8.777133333333333,16.309424,15.789,18.0,18.0,67.0
Neunkirchen,Saarland,46098,20234,20.8,1,Stadt,8.066666666666666,False,False,False,False,False,55.4098,85.92196,4.66,186549.3864,15.366,92.196,51.0,10.0,25.0,8.176133333333333,16.432783999999998,15.234,18.0,18.0,67.0
Krefeld,Nordrhein-Westfalen,227417,22987,24.2,2,Stadt,6.933333333333334,True,False,False,False,True,76.9417,89.54834,5.34,1045526.9158,75.80566666666667,454.834,51.0,10.0,18.0,11.582066666666666,23.155336,17.987000000000002,15.0,15.0,67.0
Laatzen,Niedersachsen,40557,22123,23.2,0,Stadt,7.266666666666667,False,False,True,False,False,57.2557,85.81114,5.14,179448.5022,13.519,81.114,51.0,10.0,21.0,10.533266666666666,16.580455999999998,17.123,18.0,18.0,67.0
Köln,Nordrhein-Westfalen,1084831,24513,29.8,5,Stadt,5.066666666666666,False,False,False,True,True,95.0,99.0,6.46,5318492.4606,361.61033333333336,2169.662,51.0,10.0,12.0,14.584599999999998,24.6,19.513,15.0,15.0,67.0
Cuxhaven,Niedersachsen,47986,20456,20.7,1,Stadt,8.100000000000001,False,False,False,False,False,55.4986,85.95972,4.64,196320.3232,15.995333333333331,95.972,51.0,10.0,25.0,8.338533333333332,16.439888,15.456,18.0,18.0,67.0
Hamm,Nordrhein-Westfalen,179721,21234,21.9,1,Stadt,7.7,True,True,False,False,True,69.87209999999999,88.59442,4.88,763239.1428,59.907,359.442,51.0,10.0,18.0,9.372800000000002,22.589768,16.234,15.0,20.0,67.0
Zweibrücken,Rheinland-Pfalz,34193,20234,21.8,1,Stadt,7.733333333333333,False,False,False,False,False,55.2193,85.68386,4.86,138372.2324,11.397666666666666,68.386,51.0,10.0,25.0,8.476133333333333,16.417544,15.234,18.0,18.0,67.0
Idar-Oberstein,Rheinland-Pfalz,29721,20456,21.6,1,Stadt,7.8,False,False,False,False,False,54.5721,85.59442,4.82,121594.5552,9.907,59.442,51.0,10.0,25.0,8.608533333333334,16.365768,15.456,18.0,18.0,67.0
Zwickau,Sachsen,87172,18876,22.3,1,Stadt,7.566666666666666,False,False,False,False,False,61.0172,86.74344,4.96,329091.7344,29.05733333333333,174.344,51.0,10.0,25.0,7.449199999999999,16.881376,13.876,18.0,20.0,67.0
Rostock,Mecklenburg-Vorpommern,209191,20123,27.3,1,Stadt,5.9,False,False,True,False,True,78.2191,89.18382,5.96,841910.0986,69.73033333333333,418.382,51.0,10.0,21.0,10.029933333333332,23.257528,15.123,15.0,15.0,66.0
Bremen,Bremen,567559,22345,28.6,3,Stadtstadt,5.466666666666667,False,True,False,False,True,95.0,96.35118,6.220000000000001,2536421.171,189.18633333333327,1135.118,51.0,10.0,16.0,12.345666666666668,24.6,17.345,15.0,15.0,66.0
Bochum,Nordrhein-Westfalen,364628,21456,25.8,2,Stadt,6.4,True,False,False,False,True,92.2628,92.29256,5.66,1564691.6736,121.54266666666666,729.256,51.0,10.0,18.0,10.7352,24.381024,16.456,15.0,15.0,66.0
Magdeburg,Sachsen-Anhalt,238697,20234,28.4,2,Landeshauptstadt,5.533333333333333,False,False,True,False,True,82.2697,89.77394,6.18,965959.0196,79.56566666666667,477.394,51.0,10.0,18.0,10.456133333333334,23.581576,15.234,17.0,15.0,66.0
Wolfenbüttel,Niedersachsen,52165,21987,24.9,1,Stadt,6.700000000000001,True,False,True,False,False,60.1165,86.0433,5.48,229390.371,17.388333333333332,104.33,51.0,10.0,17.0,10.925399999999998,16.80932,16.987,18.0,20.0,66.0
Halle,Sachsen-Anhalt,241333,19876,27.2,2,Stadt,5.933333333333334,False,False,False,False,True,81.3333,89.82666,5.94,959346.9416,80.44433333333333,482.666,51.0,10.0,22.0,9.785866666666667,23.506664,14.876,15.0,15.0,66.0
Oranienburg,Brandenburg,45492,21345,24.2,1,Stadt,6.933333333333334,False,False,True,False,False,58.7492,85.90984,5.34,194205.348,15.164,90.984,51.0,10.0,21.0,10.159,16.699936,16.345,18.0,18.0,66.0
Pirmasens,Rheinland-Pfalz,40125,19876,20.3,1,Stadt,8.233333333333334,False,False,False,False,False,54.3125,85.8025,4.5600000000000005,159504.9,13.375,80.25,51.0,10.0,25.0,7.715866666666667,16.345,14.876,18.0,18.0,66.0
Essen,Nordrhein-Westfalen,583109,23234,26.7,3,Stadt,6.1,True,False,False,False,True,95.0,96.66218,5.84,2709590.9012,194.36966666666663,1166.218,51.0,10.0,15.0,12.546133333333334,24.6,18.234,15.0,15.0,66.0
Plauen,Sachsen,64014,18234,21.7,1,Stadt,7.766666666666667,False,False,False,False,False,58.1014,86.28028,4.84,233446.2552,21.338,128.028,51.0,10.0,25.0,6.7128,16.648112,13.234,18.0,20.0,66.0
Herne,Nordrhein-Westfalen,156374,19876,19.2,1,Stadt,8.600000000000001,True,False,False,False,True,64.8374,88.12748,4.34,621617.9248,52.12466666666667,312.748,51.0,10.0,21.0,7.385866666666667,22.186992,14.876,15.0,20.0,66.0
Lübeck,Schleswig-Holstein,217198,21876,26.3,2,Stadt,6.2333333333333325,False,False,True,False,True,78.0198,89.34396,5.76,950284.6896,72.39933333333333,434.396,51.0,10.0,18.0,11.2492,23.241584,16.876,15.0,15.0,66.0
Erfurt,Thüringen,213699,20456,29.7,2,Landeshauptstadt,5.1,True,False,False,False,True,81.0699,89.27398,6.44,874285.3488,71.233,427.398,51.0,10.0,18.0,11.038533333333334,23.485592,15.456,17.0,15.0,66.0
Neumünster,Schleswig-Holstein,79487,20456,21.4,1,Stadt,7.866666666666667,False,False,True,False,False,59.3487,86.58974,4.779999999999999,325197.2144,26.495666666666665,158.974,51.0,10.0,21.0,8.548533333333332,16.747896,15.456,18.0,20.0,66.0
Stralsund,Mecklenburg-Vorpommern,59357,19234,23.7,1,Stadt,7.1000000000000005,False,False,True,False,False,59.6357,86.18714,5.24,228334.5076,19.785666666666668,118.714,51.0,10.0,21.0,8.179466666666666,16.770856000000002,14.234,18.0,20.0,65.0
Hamburg,Hamburg,1906411,26741,32.1,6,Stadtstadt,4.299999999999999,True,True,False,True,True,95.0,99.0,6.92,10195867.3102,635.4703333333333,3812.822,51.0,10.0,5.0,17.20553333333333,24.6,21.741,15.0,15.0,65.0
Gifhorn,Niedersachsen,42658,22345,22.9,1,Stadt,7.366666666666667,True,False,True,False,False,57.1658,85.85316,5.08,190638.602,14.219333333333331,85.316,51.0,10.0,17.0,10.635666666666667,16.573264,17.345,18.0,18.0,65.0
Halberstadt,Sachsen-Anhalt,39235,18923,21.2,1,Stadt,7.933333333333334,False,False,False,False,False,55.12349999999999,85.7847,4.74,148488.781,13.078333333333331,78.47,51.0,10.0,25.0,7.159933333333334,16.40988,13.923,18.0,18.0,65.0
Brandenburg,Brandenburg,72124,19234,21.8,1,Stadt,7.733333333333333,False,False,True,False,False,59.0124,86.44248,4.86,277446.6032,24.04133333333333,144.248,51.0,10.0,21.0,7.609466666666668,16.720992,14.234,18.0,20.0,65.0
Gladbeck,Nordrhein-Westfalen,75217,20234,19.6,1,Stadt,8.466666666666665,True,False,False,False,False,57.1217,86.50434,4.42,304388.1556,25.072333333333333,150.434,51.0,10.0,21.0,7.816133333333334,16.569736,15.234,18.0,20.0,65.0
Dessau-Roßlau,Sachsen-Anhalt,79354,19234,22.3,1,Stadt,7.566666666666666,False,False,False,True,False,60.2354,86.58708,4.96,305258.9672,26.45133333333333,158.708,51.0,10.0,22.0,7.759466666666666,16.818832,14.234,18.0,20.0,65.0
Eisenach,Thüringen,41970,19567,23.9,1,Stadt,7.033333333333334,True,False,False,False,False,58.097,85.8394,5.279999999999999,164245.398,13.99,83.94,51.0,10.0,21.0,8.528066666666666,16.647759999999998,14.567,18.0,18.0,64.0
Neubrandenburg,Mecklenburg-Vorpommern,63439,18876,22.4,1,Stadt,7.533333333333334,False,False,True,False,False,58.7439,86.26878,4.98,239494.9128,21.14633333333333,126.878,51.0,10.0,21.0,7.479199999999999,16.699512,13.876,18.0,20.0,64.0
Görlitz,Sachsen,56255,18567,23.4,1,Stadt,7.2,False,False,True,False,False,59.0255,86.1251,5.18,208897.317,18.751666666666665,112.51,51.0,10.0,21.0,7.511399999999999,16.72204,13.567,18.0,20.0,64.0
Naumburg,Sachsen-Anhalt,31962,19234,23.1,1,Stadt,7.3,False,False,False,True,False,56.2962,85.63924,5.12,122951.4216,10.654,63.924,51.0,10.0,22.0,7.999466666666667,16.503695999999998,14.234,18.0,18.0,64.0
Merseburg,Sachsen-Anhalt,33672,19123,23.4,1,Stadt,7.2,False,False,False,True,False,56.7672,85.67344,5.18,128781.9312,11.224,67.344,51.0,10.0,22.0,7.993266666666666,16.541376,14.123,18.0,18.0,64.0
Stendal,Sachsen-Anhalt,38753,18456,20.8,1,Stadt,8.066666666666666,False,False,False,False,False,54.67530000000001,85.77506,4.66,143045.0736,12.917666666666667,77.506,51.0,10.0,25.0,6.6352,16.374024,13.456,18.0,18.0,64.0
Dortmund,Nordrhein-Westfalen,587696,21738,24.3,3,Stadt,6.9,True,False,False,False,True,95.0,96.75392,5.36,2555067.1296,195.89866666666663,1175.392,51.0,10.0,15.0,10.529600000000002,24.6,16.738,15.0,15.0,64.0
Leipzig,Sachsen,597493,20846,31.5,3,Stadt,4.5,False,False,True,False,True,95.0,96.94986,6.8,2491067.8156,199.16433333333333,1194.986,51.0,10.0,15.0,11.916533333333334,24.6,15.846,15.0,15.0,64.0
Berlin,Berlin,3677472,23896,35.2,8,Hauptstadt,3.5,True,False,False,True,True,95.0,99.0,7.540000000000001,17575374.1824,1225.824,7354.944,51.0,10.0,8.0,15.66986666666667,24.6,18.896,15.0,15.0,64.0
Gera,Thüringen,92126,18567,21.8,1,Stadt,7.733333333333333,True,False,False,False,False,61.012600000000006,86.84252,4.86,342100.6884,30.708666666666662,184.252,51.0,10.0,21.0,7.0314000000000005,16.881008,13.567,18.0,20.0,64.0
Frankfurt (Oder),Brandenburg,57015,18765,23.6,1,Stadt,7.133333333333333,False,False,True,False,False,59.3015,86.1403,5.220000000000001,213977.295,19.005,114.03,51.0,10.0,21.0,7.743000000000001,16.74412,13.765,18.0,20.0,64.0
Gotha,Thüringen,44370,19234,22.6,1,Stadt,7.466666666666666,True,False,False,False,False,57.037,85.8874,5.0200000000000005,170682.516,14.79,88.74,51.0,10.0,21.0,7.849466666666668,16.56296,14.234,18.0,18.0,63.0
Eberswalde,Brandenburg,41268,19123,22.7,1,Stadt,7.433333333333334,False,False,True,False,False,56.826800000000006,85.82536,5.04,157833.5928,13.756,82.536,51.0,10.0,21.0,7.783266666666667,16.546144,14.123,18.0,18.0,63.0
Chemnitz,Sachsen,244401,19567,24.8,2,Stadt,6.7333333333333325,False,False,True,False,True,79.2401,89.88802,5.46,956438.8734,81.467,488.802,51.0,10.0,18.0,8.798066666666667,23.339208,14.567,15.0,15.0,63.0
Bautzen,Sachsen,38031,18789,22.9,1,Stadt,7.366666666666667,False,False,True,False,False,56.7031,85.76062,5.08,142912.8918,12.677,76.062,51.0,10.0,21.0,7.5538,16.536248,13.789,18.0,18.0,63.0
Peine,Niedersachsen,49953,21678,21.9,1,Stadt,7.7,True,False,True,False,False,56.8953,85.99906,4.88,216576.2268,16.651,99.906,51.0,10.0,17.0,9.7576,16.551624,16.678,18.0,18.0,63.0
Bernburg,Sachsen-Anhalt,31587,18678,20.3,1,Stadt,8.233333333333334,False,False,False,True,False,53.45870000000001,85.63174,4.5600000000000005,117996.3972,10.529,63.174,51.0,10.0,22.0,6.677600000000001,16.276696,13.678,18.0,18.0,63.0
Duisburg,Nordrhein-Westfalen,498590,20987,21.4,3,Stadt,7.866666666666667,True,False,False,False,True,95.0,94.9718,4.779999999999999,2092781.666,166.19666666666666,997.18,51.0,10.0,15.0,9.008733333333332,24.6,15.987,15.0,15.0,63.0
Lutherstadt Wittenberg,Sachsen-Anhalt,45736,19567,24.8,1,Stadt,6.7333333333333325,False,False,True,True,False,59.3736,85.91472,5.46,178983.2624,15.245333333333331,91.472,51.0,10.0,18.0,8.798066666666667,16.749888,14.567,18.0,18.0,62.0
Oberhausen,Nordrhein-Westfalen,210934,20123,20.3,2,Stadt,8.233333333333334,True,False,False,False,True,71.3934,89.21868,4.5600000000000005,848924.9764,70.31133333333334,421.868,51.0,10.0,18.0,7.929933333333334,22.711472,15.123,15.0,15.0,62.0
Gelsenkirchen,Nordrhein-Westfalen,260654,19234,19.7,2,Stadt,8.433333333333334,True,False,False,False,True,75.7654,90.21308,4.44,1002683.8072,86.88466666666666,521.308,51.0,10.0,18.0,6.979466666666667,23.061232,14.234,15.0,15.0,61.0
